{
	"Version": 3,
	"FileReferences": {
		"Moc": "BigFish_Giantsquid_HoneyBunnie.moc3",
		"Textures": [
			"BigFish_Giantsquid_HoneyBunnie.512/texture_00.png",
			"BigFish_Giantsquid_HoneyBunnie.512/texture_01.png",
			"BigFish_Giantsquid_HoneyBunnie.512/texture_02.png",
			"BigFish_Giantsquid_HoneyBunnie.512/texture_03.png",
			"BigFish_Giantsquid_HoneyBunnie.512/texture_04.png"
		],
		"DisplayInfo": "BigFish_Giantsquid_HoneyBunnie.cdi3.json",
		"Motions": {
			"Idle": [
				{
					"File": "Idle.motion3.json"
				}
			]
		}
	},
	"Groups": [
		{
			"Target": "Parameter",
			"Name": "EyeBlink",
			"Ids": []
		},
		{
			"Target": "Parameter",
			"Name": "LipSync",
			"Ids": []
		}
	],
	"HitAreas": []
}