{
	"Version": 3,
	"Parameters": [
		{
			"Id": "UD",
			"GroupId": "",
			"Name": "Up Down"
		},
		{
			"Id": "Rotate",
			"GroupId": "",
			"Name": "Rotate"
		},
		{
			"Id": "Head",
			"GroupId": "",
			"Name": "Head"
		},
		{
			"Id": "Shards",
			"GroupId": "",
			"Name": "Shards"
		},
		{
			"Id": "HeadFin",
			"GroupId": "",
			"Name": "Head Fin"
		},
		{
			"Id": "HeadFinW",
			"GroupId": "",
			"Name": "Head Fin Wiggle"
		},
		{
			"Id": "LTentacles",
			"GroupId": "",
			"Name": "Long Tentacles"
		},
		{
			"Id": "STentaclesB",
			"GroupId": "",
			"Name": "Short Tentacles Back"
		},
		{
			"Id": "STentacles",
			"GroupId": "",
			"Name": "Short Tentacles"
		}
	],
	"ParameterGroups": [],
	"Parts": []
}