{
	"Version": 3,
	"Meta": {
		"Duration": 7.967,
		"Fps": 30.0,
		"Loop": true,
		"AreBeziersRestricted": true,
		"CurveCount": 9,
		"TotalSegmentCount": 31,
		"TotalPointCount": 92,
		"UserDataCount": 0,
		"TotalUserDataSize": 0
	},
	"Curves": [
		{
			"Target": "Parameter",
			"Id": "UD",
			"Segments": [
				0,
				-2.53,
				1,
				0.667,
				-2.53,
				1.333,
				1.993,
				2,
				1.993,
				1,
				2.667,
				1.993,
				3.333,
				-2.53,
				4,
				-2.53,
				1,
				4.656,
				-2.53,
				5.311,
				1.993,
				5.967,
				1.993,
				1,
				6.633,
				1.993,
				7.3,
				-2.53,
				7.967,
				-2.53
			]
		},
		{
			"Target": "Parameter",
			"Id": "Rotate",
			"Segments": [
				0,
				-4,
				1,
				0.667,
				-4,
				1.333,
				-8,
				2,
				-8,
				1,
				2.667,
				-8,
				3.333,
				-4,
				4,
				-4,
				1,
				4.656,
				-4,
				5.311,
				-8,
				5.967,
				-8,
				1,
				6.633,
				-8,
				7.3,
				-4,
				7.967,
				-4
			]
		},
		{
			"Target": "Parameter",
			"Id": "Head",
			"Segments": [
				0,
				30,
				1,
				0.667,
				30,
				1.333,
				-20,
				2,
				-20,
				1,
				2.667,
				-20,
				3.333,
				30,
				4,
				30,
				1,
				4.656,
				30,
				5.311,
				-20,
				5.967,
				-20,
				1,
				6.633,
				-20,
				7.3,
				30,
				7.967,
				30
			]
		},
		{
			"Target": "Parameter",
			"Id": "Shards",
			"Segments": [
				0,
				0,
				1,
				1.244,
				0,
				2.489,
				1,
				3.733,
				1,
				1,
				5.144,
				1,
				6.556,
				0,
				7.967,
				0
			]
		},
		{
			"Target": "Parameter",
			"Id": "HeadFin",
			"Segments": [
				0,
				-1,
				1,
				0.667,
				-1,
				1.333,
				0.4,
				2,
				0.4,
				1,
				2.667,
				0.4,
				3.333,
				-1,
				4,
				-1,
				1,
				4.656,
				-1,
				5.311,
				0.4,
				5.967,
				0.4,
				1,
				6.633,
				0.4,
				7.3,
				-1,
				7.967,
				-1
			]
		},
		{
			"Target": "Parameter",
			"Id": "HeadFinW",
			"Segments": [
				0,
				0.5,
				1,
				0.311,
				0.592,
				0.622,
				0.7,
				0.933,
				0.7,
				1,
				1.289,
				0.7,
				1.644,
				0.642,
				2,
				0.5,
				1,
				2.311,
				0.376,
				2.622,
				0.3,
				2.933,
				0.3,
				1,
				3.289,
				0.3,
				3.644,
				0.358,
				4,
				0.5,
				1,
				4.311,
				0.624,
				4.622,
				0.7,
				4.933,
				0.7,
				1,
				5.278,
				0.7,
				5.622,
				0.638,
				5.967,
				0.5,
				1,
				6.289,
				0.371,
				6.611,
				0.3,
				6.933,
				0.3,
				1,
				7.278,
				0.3,
				7.622,
				0.407,
				7.967,
				0.5
			]
		},
		{
			"Target": "Parameter",
			"Id": "LTentacles",
			"Segments": [
				0,
				0.5,
				0,
				3.733,
				1,
				0,
				3.767,
				0,
				0,
				7.967,
				0.5
			]
		},
		{
			"Target": "Parameter",
			"Id": "STentaclesB",
			"Segments": [
				0,
				0,
				0,
				7.967,
				1
			]
		},
		{
			"Target": "Parameter",
			"Id": "STentacles",
			"Segments": [
				0,
				0,
				0,
				7.967,
				1
			]
		}
	]
}